"Actual_Bike_Rent_Count","Pred_count_RF_test"
985,1560.50042933835
1600,1347.71018552409
1162,1231.25001180794
1406,1229.15837291905
683,1219.68433384146
1501,1332.67243701606
1526,1709.92411248847
1623,1919.85347863058
1530,1609.7963315122
1589,1797.61456228143
2115,1787.44691942428
1107,1759.49777915513
1917,1711.80593745023
1461,1747.71161662925
1446,1994.8096021365
2133,1983.99323975231
2046,2092.59291496599
2056,1851.34849403305
3239,3453.0518055105
2496,2279.8776292517
3115,4117.19994107744
2455,2493.77394671202
3944,4268.15260284215
4189,3701.59207202982
4191,3785.51152020202
5312,3964.5249474877
3351,3508.6075515873
4451,3734.16023757764
4803,4890.66416103069
4123,3821.32897567288
4575,4341.23495238095
4917,4570.34659542963
4978,4592.50902829688
4586,4569.6779065367
4844,4683.51881531948
5119,4661.9576062716
4835,4175.4299005439
4648,4629.47573992674
6043,4429.96744047619
4592,4475.61551454656
5336,4670.82967641248
5538,4912.64391961372
3387,3905.02278986569
3840,4425.44143805084
4475,4545.76718150183
4792,5015.26821530396
4905,5190.28076640319
3805,4679.81047310041
5191,4740.91693357915
5345,4592.21724664747
4630,4486.89773412698
4120,4157.68151190476
4826,4752.83152222139
5409,4988.54519466007
5117,5008.60202873978
2416,2468.60597222222
4186,3631.60150878518
4035,3813.10384315371
4486,4435.77687823629
1817,2299.00394369369
3053,3388.99910691772
3392,3029.60201654976
2792,3609.12842209409
3613,3546.78840151745
3614,3637.80108990859
2594,2299.14369369369
2302,1626.58642642643
2999,1818.98490338164
1951,3105.38948274184
3272,3331.98234779345
3425,3651.31654600047
4097,2842.68510796955
3376,3112.68253012746
4075,2836.90644861282
4023,3650.55561559754
3761,3909.00085097654
4151,3903.72936186271
2947,2964.39456310944
3422,2986.13752603188
4154,3944.31253826964
4318,4026.21415731726
3129,3605.80872694208
3487,3753.58776764321
4363,3981.29565914876
4066,4689.71117465287
5847,5726.6036125483
6093,5974.66148159592
8362,6303.66350778389
5558,5636.31717918193
6133,6048.62123416813
5459,4804.2160297619
6436,7021.84500343127
6457,6289.85683413931
4862,5182.45513095238
7290,6646.21435538487
6196,6438.577678301
6883,5504.17921350871
6273,6190.73678468754
2843,5109.29787620713
7639,7158.66428007851
6073,5833.51152303252
4127,5620.24572847985
8120,7414.69947884467
7055,7404.16504119532
6978,7291.74777646371
6825,7036.57977524271
6211,6532.12281560512
5823,6267.98335194338
7458,6976.8576779288
6207,5852.21343491596
7446,7185.1982133057
6031,6975.79255480923
5870,5508.59452813853
4459,4121.81271861472
7410,6243.86364718615
6904,6549.391722767
7347,7289.5782401115
7006,7415.37826848371
7582,6704.1546031746
7040,7229.47750003286
7697,7222.00523088972
6034,6964.04777333777
7804,7827.87807459573
8714,7778.0666023735
6869,6268.63834163059
4639,4418.32143937435
7109,5441.2785623788
7058,7540.79319038233
5107,5530.25937172418
5035,4934.83653416305
6536,5113.28228339911
5146,5437.50983204164
3910,5605.74289614421
2277,4917.19315545516
2424,5143.47842067523
5087,4419.63573733407
6606,6354.81505742297
5170,4760.00452380952
5319,4986.37885999785
5532,5362.82007825181
3786,4611.12684809308
5267,5322.70403063277
2114,2452.99749699719
1341,2254.32127802172
